{
    "tracker_default": {
        "type": "container",
        "content": {
            "type": "dock",
            "dropshadow": true,
            "content": [
                {
                    "type": "dock",
                    "dock": "bottom",
                    "content": [
                        {
                            "type": "group",
                            "header": "Items",
                            "dock": "left",
                            "margin": "0,0,3,0",
                            "content": {
                                "type": "layout",
                                "h_alignment": "center",
                                "v_alignment": "center",
                                "key": "shared_item_grid"
                            }
                        },
                        {
                            "type": "group",
                            "header": "Settings",
                            "dock": "left",
                            "content": {
                                "type": "layout",
                                "key": "settings_grid"
                            }
                        },
                        {
                            "type": "group",
                            "header": "Pinned Locations",
                            "dock": "left",
                            "content": {
                                "type": "recentpins",
                                "style": "wrap",
                                "h_alignment": "stretch",
                                "v_alignment": "stretch",
                                "orientation": "vertical",
                                "compact": true
                            }
                        }
                    ]
                },
                {
                    "type": "tabbed",
                    "tabs": [
                         {
                            "title": "Full",                            
                            "content": [
                                {
                                    "type": "tabbed",
                                    "tabs": [
                                        {
                                            "title": "Horizontal",
                                            "content": {
                                                "type": "map",
                                                "maps": [
                                                "normal",
                                                "inverted"
                                                ]
                                            }
                                        },
                                        {
                                            "title": "Vertical",
                                            "content": {
                                                "type": "map",
                                                "maps": [
                                                "both_vertical"
                                                ]
                                            }
                                        }                                    
                                    ]
                                }
                            ]
                        },
                        {
                            "title": "Normal Castle",
                            "content": {
                                "type": "map",
                                "maps": [
                                    "normal"
                                ]
                            }
                        },
                        {
                            "title": "Inverted Castle",
                            "content": {
                                "type": "map",
                                "maps": [
                                    "inverted"
                                ]
                            }
                        }
                    ]
                }
            ]
        }
    }
}
