[
    {
        "name": "Alchemy Laboratory",
        "children": [
            {
                "name": "Hide Cuirass",
                "sections": [
                    {
                        "name": "Hide Cuirass",
                        "item_count": 1
                    }
                ],
                "map_locations": [
                    {
                        "map": "normal",
                        "x": 272,
                        "y": 652
                    },
                    {
                        "map": "both_vertical",
                        "x": 272,
                        "y": 1637
                    }
                ]
            },
            {
                "name": "Heart Vessel",
                "sections": [
                    {
                        "name": "Heart Vessel",
                        "item_count": 1
                    }
                ],
                "map_locations": [
                    {
                        "map": "normal",
                        "x": 212,
                        "y": 612
                    },
                    {
                        "map": "both_vertical",
                        "x": 212,
                        "y": 1597
                    }
                ]
            },
            {
                "name": "Cloth Cape",
                "sections": [
                    {
                        "name": "Cloth Cape",
                        "item_count": 1
                    }
                ],
                "map_locations": [
                    {
                        "map": "normal",
                        "x": 192,
                        "y": 512
                    },
                    {
                        "map": "both_vertical",
                        "x": 192,
                        "y": 1497
                    }
                ]
            },
            {
                "name": "Life Vessel",
                "sections": [
                    {
                        "name": "Life Vessel",
                        "item_count": 1
                    }
                ],
                "map_locations": [
                    {
                        "map": "normal",
                        "x": 232,
                        "y": 652
                    },
                    {
                        "map": "both_vertical",
                        "x": 232,
                        "y": 1637
                    }
                ]
            },
            {
                "name": "Sunglasses",
                "sections": [
                    {
                        "name": "Sunglasses",
                        "item_count": 1
                    }
                ],
                "map_locations": [
                    {
                        "map": "normal",
                        "x": 312,
                        "y": 552
                    },
                    {
                        "map": "both_vertical",
                        "x": 312,
                        "y": 1537
                    }
                ]
            },
            {
                "name": "Resist Thunder",
                "sections": [
                    {
                        "name": "Resist Thunder",
                        "item_count": 1
                    }
                ],
                "map_locations": [
                    {
                        "map": "normal",
                        "x": 212,
                        "y": 572
                    },
                    {
                        "map": "both_vertical",
                        "x": 212,
                        "y": 1557
                    }
                ]
            },
            {
                "name": "Leather Shield",
                "sections": [
                    {
                        "name": "Leather Shield",
                        "item_count": 1
                    }
                ],
                "map_locations": [
                    {
                        "map": "normal",
                        "x": 252,
                        "y": 632
                    },
                    {
                        "map": "both_vertical",
                        "x": 252,
                        "y": 1617
                    }
                ]
            },
            {
                "name": "Basilard",
                "sections": [
                    {
                        "name": "Basilard",
                        "item_count": 1
                    }
                ],
                "map_locations": [
                    {
                        "map": "normal",
                        "x": 312,
                        "y": 612
                    },
                    {
                        "map": "both_vertical",
                        "x": 312,
                        "y": 1597
                    }
                ]
            },
            {
                "name": "Potion",
                "sections": [
                    {
                        "name": "Potion",
                        "item_count": 1
                    }
                ],
                "map_locations": [
                    {
                        "map": "normal",
                        "x": 372,
                        "y": 472
                    },
                    {
                        "map": "both_vertical",
                        "x": 372,
                        "y": 1457
                    }
                ]
            },
            {
                "name": "Slogra & Gaibon",
                "sections": [
                    {
                        "name": "Slogra & Gaibon kill",
                        "hosted_item": "slogragaibon"
                    }
                ],
                "map_locations": [
                    {
                        "map": "normal",
                        "x": 202,
                        "y": 482
                    },
                    {
                        "map": "both_vertical",
                        "x": 202,
                        "y": 1467
                    }
                ]
            },
            {
                "name": "Skill of Wolf",
                "access_rules": [
                    "$canHighJump"
                ],
                "sections": [
                    {
                        "name": "Skill of Wolf",
                        "item_count": 1
                    }
                ],
                "map_locations": [
                    {
                        "map": "normal",
                        "x": 292,
                        "y": 592
                    },
                    {
                        "map": "both_vertical",
                        "x": 292,
                        "y": 1577
                    }
                ]
            },
            {
                "name": "Bat Card",
                "access_rules": [
                    "$canHighJump"
                ],
                "sections": [
                    {
                        "name": "Bat Card",
                        "item_count": 1
                    }
                ],
                "map_locations": [
                    {
                        "map": "normal",
                        "x": 252,
                        "y": 472
                    },
                    {
                        "map": "both_vertical",
                        "x": 252,
                        "y": 1457
                    }
                ]
            }
        ]
    }
]