[
    {
        "name": "Catacombs",
        "access_rules": [
            "@Abandoned Mine"
        ],
        "children": [
            {
                "name": "Catacombs Entrance",
                "sections": [
                    {
                        "name": "Cat-Eye Circlet",
                        "item_count": 1
                    },
                    {
                        "name": "Bloodstone",
                        "item_count": 1
                    }
                ],
                "map_locations": [
                    {
                        "map": "normal",
                        "x": 552,
                        "y": 932
                    },
                    {
                        "map": "both_vertical",
                        "x": 552,
                        "y": 1917
                    }
                ]
            },
            {
                "name": "Icebrand",
                "access_rules": [
                    "$canHighJump"
                ],
                "sections": [
                    {
                        "name": "Icebrand",
                        "item_count": 1
                    }
                ],
                "map_locations": [
                    {
                        "map": "normal",
                        "x": 472,
                        "y": 932
                    },
                    {
                        "map": "both_vertical",
                        "x": 472,
                        "y": 1917
                    }
                ]
            },
            {
                "name": "Walk Armor",
                "sections": [
                    {
                        "name": "Walk Armor",
                        "item_count": 1
                    }
                ],
                "map_locations": [
                    {
                        "map": "normal",
                        "x": 452,
                        "y": 932
                    },
                    {
                        "map": "both_vertical",
                        "x": 452,
                        "y": 1917
                    }
                ]
            },
            {
                "name": "Mormegil",
                "sections": [
                    {
                        "name": "Mormegil",
                        "item_count": 1
                    }
                ],
                "map_locations": [
                    {
                        "map": "normal",
                        "x": 332,
                        "y": 932
                    },
                    {
                        "map": "both_vertical",
                        "x": 332,
                        "y": 1917
                    }
                ]
            },
            {
                "name": "Lava Bridge",
                "access_rules": [
                    "$canHighJump"
                ],
                "sections": [
                    {
                        "name": "Heart Vessel",
                        "item_count": 1
                    },
                    {
                        "name": "Ballroom mask",
                        "item_count": 1
                    }
                ],
                "map_locations": [
                    {
                        "map": "normal",
                        "x": 512,
                        "y": 932
                    },
                    {
                        "map": "both_vertical",
                        "x": 512,
                        "y": 1917
                    }
                ]
            },
            {
                "name": "Crypt",
                "sections": [
                    {
                        "name": "Life Vessel",
                        "item_count": 1
                    },
                    {
                        "name": "Heart Vessel",
                        "item_count": 1
                    }
                ],
                "map_locations": [
                    {
                        "map": "normal",
                        "x": 632,
                        "y": 952
                    },
                    {
                        "map": "both_vertical",
                        "x": 632,
                        "y": 1937
                    }
                ]
            },
            {
                "name": "Sarcophagus",
                "sections": [
                    {
                        "name": "Monster Vial 3",
                        "item_count": 4
                    }
                ],
                "map_locations": [
                    {
                        "map": "normal",
                        "x": 662,
                        "y": 952
                    },
                    {
                        "map": "both_vertical",
                        "x": 662,
                        "y": 1937
                    }
                ]
            },
            {
                "name": "Granfaloon",
                "sections": [
                    {
                        "name": "Granfaloon kill",
                        "hosted_item": "granfaloon"
                    }
                ],
                "map_locations": [
                    {
                        "map": "normal",
                        "x": 362,
                        "y": 942
                    },
                    {
                        "map": "both_vertical",
                        "x": 362,
                        "y": 1927
                    }
                ]
            },
            {
                "name": "Beyond Spike Maze",
                "access_rules": [
                    "soulofbat,echoofbat",
                    "spikebreaker,$canJump"
                ],
                "children": [
                    {
                        "name": "Spike Hallway",
                        "sections": [
                            {
                                "name": "Cross Shuriken",
                                "item_count": 2
                            },
                            {
                                "name": "Karma Coin",
                                "item_count": 2
                            }
                        ],
                        "map_locations": [
                            {
                                "map": "normal",
                                "x": 952,
                                "y": 932
                            },
                            {
                                "map": "both_vertical",
                                "x": 952,
                                "y": 1917
                            }
                        ]
                    },
                    {
                        "name": "Pork Bun",
                        "sections": [
                            {
                                "name": "Pork Bun",
                                "item_count": 1
                            }
                        ],
                        "map_locations": [
                            {
                                "map": "normal",
                                "x": 952,
                                "y": 952
                            },
                            {
                                "map": "both_vertical",
                                "x": 952,
                                "y": 1937
                            }
                        ]
                    },
                    {
                        "name": "Spike Breaker Room",
                        "sections": [
                            {
                                "name": "Library Card",
                                "item_count": 1
                            },
                            {
                                "name": "Spike Breaker",
                                "item_count": 1
                            }
                        ],
                        "map_locations": [
                            {
                                "map": "normal",
                                "x": 812,
                                "y": 952
                            },
                            {
                                "map": "both_vertical",
                                "x": 812,
                                "y": 1937
                            }
                        ]
                    }
                ]
            }
        ]
    }
]