[
    {
        "name": "Long Library",
        "children": [
            {
                "name": "Bronze Cuirass",
                "sections": [
                    {
                        "name": "Bronze Cuirass",
                        "item_count": 1
                    }
                ],
                "map_locations": [
                    {
                        "map": "normal",
                        "x": 972,
                        "y": 352
                    },
                    {
                        "map": "both_vertical",
                        "x": 972,
                        "y": 1337
                    }
                ]
            },
            {
                "name": "Top Level",
                "access_rules": [
                    "$canJump"
                ],
                "sections": [
                    {
                        "name": "Potion",
                        "item_count": 1
                    },
                    {
                        "name": "Antivenom",
                        "item_count": 1
                    },
                    {
                        "name": "Faerie Card",
                        "item_count": 1
                    }
                ],
                "map_locations": [
                    {
                        "map": "normal",
                        "x": 1032,
                        "y": 292
                    },
                    {
                        "map": "both_vertical",
                        "x": 1032,
                        "y": 1277
                    }
                ]
            },
            {
                "name": "Faerie Scroll",
                "sections": [
                    {
                        "name": "Faerie Scroll",
                        "item_count": 1
                    }
                ],
                "map_locations": [
                    {
                        "map": "normal",
                        "x": 1172,
                        "y": 292
                    },
                    {
                        "map": "both_vertical",
                        "x": 1172,
                        "y": 1277
                    }
                ]
            },
            {
                "name": "Jewel of Open",
                "sections": [
                    {
                        "name": "Jewel of Open",
                        "item_count": 1
                    }
                ],
                "map_locations": [
                    {
                        "map": "normal",
                        "x": 972,
                        "y": 332
                    },
                    {
                        "map": "both_vertical",
                        "x": 972,
                        "y": 1317
                    }
                ]
            },
            {
                "name": "Back of Library",
                "access_rules": [
                    "$canJump"
                ],
                "children": [
                    {
                        "name": "Stone Mask",
                        "sections": [
                            {
                                "name": "Stone Mask",
                                "item_count": 1
                            }
                        ],
                        "map_locations": [
                            {
                                "map": "normal",
                                "x": 972,
                                "y": 292
                            },
                            {
                                "map": "both_vertical",
                                "x": 972,
                                "y": 1277
                            }
                        ]
                    },
                    {
                        "name": "Behind Bookcase",
                        "sections": [
                            {
                                "name": "Holy Rod",
                                "item_count": 1
                            },
                            {
                                "name": "Topaz Circlet",
                                "item_count": 1
                            }
                        ],
                        "map_locations": [
                            {
                                "map": "normal",
                                "x": 992,
                                "y": 292
                            },
                            {
                                "map": "both_vertical",
                                "x": 992,
                                "y": 1277
                            }
                        ]
                    },
                    {
                        "name": "Dead End",
                        "sections": [
                            {
                                "name": "Takemitsu",
                                "item_count": 1
                            },
                            {
                                "name": "Onyx",
                                "item_count": 1
                            },
                            {
                                "name": "Frankfurter",
                                "item_count": 1
                            }
                        ],
                        "map_locations": [
                            {
                                "map": "normal",
                                "x": 912,
                                "y": 352
                            },
                            {
                                "map": "both_vertical",
                                "x": 912,
                                "y": 1337
                            }
                        ]
                    },
                    {
                        "name": "Lesser Demon",
                        "sections": [
                            {
                                "name": "Lesser Demon kill",
                                "hosted_item": "lesserdemon"
                            }
                        ],
                        "map_locations": [
                            {
                                "map": "normal",
                                "x": 902,
                                "y": 332
                            },
                            {
                                "map": "both_vertical",
                                "x": 902,
                                "y": 1317
                            }
                        ]
                    },
                    {
                        "name": "Soul of Bat",
                        "access_rules": [
                            "mist"
                        ],
                        "sections": [
                            {
                                "name": "Soul of Bat",
                                "item_count": 1
                            }
                        ],
                        "map_locations": [
                            {
                                "map": "normal",
                                "x": 952,
                                "y": 352
                            },
                            {
                                "map": "both_vertical",
                                "x": 952,
                                "y": 1337
                            }
                        ]
                    }
                ]
            }
        ]
    }
]