[
    {
        "name": "Anti-Chapel",
        "access_rules": [
            "$canAccessInvertedCastle"
        ],
        "children": [
            {
                "name": "Boomerang",
                "sections": [
                    {
                        "name": "Boomerang",
                        "item_count": 1
                    }
                ],
                "map_locations": [
                    {
                        "map": "inverted",
                        "x": 1132,
                        "y": 592
                    },
                    {
                        "map": "both_vertical",
                        "x": 1132,
                        "y": 592
                    }
                ]
            },
            {
                "name": "Diamond",
                "sections": [
                    {
                        "name": "Diamond",
                        "item_count": 1
                    }
                ],
                "map_locations": [
                    {
                        "map": "inverted",
                        "x": 1132,
                        "y": 572
                    },
                    {
                        "map": "both_vertical",
                        "x": 1132,
                        "y": 572
                    }
                ]
            },
            {
                "name": "Fire Boomerang",
                "sections": [
                    {
                        "name": "Fire Boomerang",
                        "item_count": 1
                    }
                ],
                "map_locations": [
                    {
                        "map": "inverted",
                        "x": 1072,
                        "y": 632
                    },
                    {
                        "map": "both_vertical",
                        "x": 1072,
                        "y": 632
                    }
                ]
            },
            {
                "name": "Twilight Cloak",
                "access_rules": [
                    "formofmist,spikebreaker",
                    "formofmist,powerofmist"
                ],
                "sections": [
                    {
                        "name": "Twilight Cloak",
                        "item_count": 1
                    }
                ],
                "map_locations": [
                    {
                        "map": "inverted",
                        "x": 1072,
                        "y": 752
                    },
                    {
                        "map": "both_vertical",
                        "x": 1072,
                        "y": 752
                    }
                ]
            },
            {
                "name": "Zircon",
                "sections": [
                    {
                        "name": "Zircon",
                        "item_count": 1
                    }
                ],
                "map_locations": [
                    {
                        "map": "inverted",
                        "x": 1212,
                        "y": 512
                    },
                    {
                        "map": "both_vertical",
                        "x": 1212,
                        "y": 512
                    }
                ]
            },
            {
                "name": "Shuriken",
                "sections": [
                    {
                        "name": "Shuriken",
                        "item_count": 1
                    }
                ],
                "map_locations": [
                    {
                        "map": "inverted",
                        "x": 1172,
                        "y": 552
                    },
                    {
                        "map": "both_vertical",
                        "x": 1172,
                        "y": 552
                    }
                ]
            },
            {
                "name": "Heart Vessel (Stairs)",
                "sections": [
                    {
                        "name": "Heart Vessel (Stairs)",
                        "item_count": 1
                    }
                ],
                "map_locations": [
                    {
                        "map": "inverted",
                        "x": 1172,
                        "y": 532
                    },
                    {
                        "map": "both_vertical",
                        "x": 1172,
                        "y": 532
                    }
                ]
            },
            {
                "name": "Heart Vessel (Next to Stairs)",
                "sections": [
                    {
                        "name": "Heart Vessel (Next to Stairs)",
                        "item_count": 1
                    }
                ],
                "map_locations": [
                    {
                        "map": "inverted",
                        "x": 1192,
                        "y": 492
                    },
                    {
                        "map": "both_vertical",
                        "x": 1192,
                        "y": 492
                    }
                ]
            },
            {
                "name": "TNT",
                "sections": [
                    {
                        "name": "TNT",
                        "item_count": 1
                    }
                ],
                "map_locations": [
                    {
                        "map": "inverted",
                        "x": 1152,
                        "y": 572
                    },
                    {
                        "map": "both_vertical",
                        "x": 1152,
                        "y": 572
                    }
                ]
            },
            {
                "name": "Javelin",
                "sections": [
                    {
                        "name": "Javelin",
                        "item_count": 1
                    }
                ],
                "map_locations": [
                    {
                        "map": "inverted",
                        "x": 1112,
                        "y": 612
                    },
                    {
                        "map": "both_vertical",
                        "x": 1112,
                        "y": 612
                    }
                ]
            },
            {
                "name": "Manna Prism",
                "sections": [
                    {
                        "name": "Manna Prism",
                        "item_count": 1
                    }
                ],
                "map_locations": [
                    {
                        "map": "inverted",
                        "x": 972,
                        "y": 812
                    },
                    {
                        "map": "both_vertical",
                        "x": 972,
                        "y": 812
                    }
                ]
            },
            {
                "name": "Smart Potion",
                "sections": [
                    {
                        "name": "Smart Potion",
                        "item_count": 1
                    }
                ],
                "map_locations": [
                    {
                        "map": "inverted",
                        "x": 952,
                        "y": 792
                    },
                    {
                        "map": "both_vertical",
                        "x": 952,
                        "y": 792
                    }
                ]
            },
            {
                "name": "Life Vessel",
                "sections": [
                    {
                        "name": "Life Vessel",
                        "item_count": 1
                    }
                ],
                "map_locations": [
                    {
                        "map": "inverted",
                        "x": 972,
                        "y": 772
                    },
                    {
                        "map": "both_vertical",
                        "x": 972,
                        "y": 772
                    }
                ]
            },
            {
                "name": "Talwar",
                "sections": [
                    {
                        "name": "Talwar",
                        "item_count": 1
                    }
                ],
                "map_locations": [
                    {
                        "map": "inverted",
                        "x": 872,
                        "y": 832
                    },
                    {
                        "map": "both_vertical",
                        "x": 872,
                        "y": 832
                    }
                ]
            },
            {
                "name": "Bwaka Knife",
                "sections": [
                    {
                        "name": "Bwaka Knife",
                        "item_count": 1
                    }
                ],
                "map_locations": [
                    {
                        "map": "inverted",
                        "x": 712,
                        "y": 852
                    },
                    {
                        "map": "both_vertical",
                        "x": 712,
                        "y": 852
                    }
                ]
            },
            {
                "name": "Magic Missile",
                "sections": [
                    {
                        "name": "Magic Missile",
                        "item_count": 1
                    }
                ],
                "map_locations": [
                    {
                        "map": "inverted",
                        "x": 712,
                        "y": 832
                    },
                    {
                        "map": "both_vertical",
                        "x": 712,
                        "y": 832
                    }
                ]
            },
            {
                "name": "Medusa",
                "sections": [
                    {
                        "name": "Medusa kill",
                        "hosted_item": "medusa"
                    },
                    {
                        "name": "Heart of Vlad",
                        "item_count": 1
                    }
                ],
                "map_locations": [
                    {
                        "map": "inverted",
                        "x": 782,
                        "y": 792
                    },
                    {
                        "map": "both_vertical",
                        "x": 782,
                        "y": 792
                    }
                ]
            }
        ]
    }
]