[
    {
        "name": "Reverse Caverns",
        "access_rules": [
            "$canAccessInvertedCastle"
        ],
        "children": [
            {
                "name": "Life Vessel",
                "sections": [
                    {
                        "name": "Life Vessel",
                        "item_count": 1
                    }
                ],
                "map_locations": [
                    {
                        "map": "inverted",
                        "x": 532,
                        "y": 512
                    },
                    {
                        "map": "both_vertical",
                        "x": 532,
                        "y": 512
                    }
                ]
            },
            {
                "name": "Opal",
                "sections": [
                    {
                        "name": "Opal",
                        "item_count": 1
                    }
                ],
                "map_locations": [
                    {
                        "map": "inverted",
                        "x": 512,
                        "y": 412
                    },
                    {
                        "map": "both_vertical",
                        "x": 512,
                        "y": 412
                    }
                ]
            },
            {
                "name": "Dark Blade",
                "sections": [
                    {
                        "name": "Dark Blade",
                        "item_count": 1
                    }
                ],
                "map_locations": [
                    {
                        "map": "inverted",
                        "x": 452,
                        "y": 292
                    },
                    {
                        "map": "both_vertical",
                        "x": 452,
                        "y": 292
                    }
                ]
            },
            {
                "name": "Underwater",
                "access_rules": [
                    "gravityboots"
                ],
                "sections": [
                    {
                        "name": "Life Vessel",
                        "item_count": 1
                    },
                    {
                        "name": "Potion",
                        "item_count": 1
                    }
                ],
                "map_locations": [
                    {
                        "map": "inverted",
                        "x": 652,
                        "y": 292
                    },
                    {
                        "map": "both_vertical",
                        "x": 652,
                        "y": 292
                    }
                ]
            },
            {
                "name": "Osafune Katana",
                "access_rules": [
                    "soulofbat",
                    "gravityboots,leapstone"
                ],
                "sections": [
                    {
                        "name": "Osafune Katana",
                        "item_count": 1
                    }
                ],
                "map_locations": [
                    {
                        "map": "inverted",
                        "x": 752,
                        "y": 212
                    },
                    {
                        "map": "both_vertical",
                        "x": 752,
                        "y": 212
                    }
                ]
            },
            {
                "name": "Garnet",
                "sections": [
                    {
                        "name": "Garnet",
                        "item_count": 1
                    }
                ],
                "map_locations": [
                    {
                        "map": "inverted",
                        "x": 812,
                        "y": 312
                    },
                    {
                        "map": "both_vertical",
                        "x": 812,
                        "y": 312
                    }
                ]
            },
            {
                "name": "Zircon (Vase)",
                "sections": [
                    {
                        "name": "Zircon (Vase)",
                        "item_count": 1
                    }
                ],
                "map_locations": [
                    {
                        "map": "inverted",
                        "x": 472,
                        "y": 532
                    },
                    {
                        "map": "both_vertical",
                        "x": 472,
                        "y": 532
                    }
                ]
            },
            {
                "name": "Diamond",
                "sections": [
                    {
                        "name": "Diamond",
                        "item_count": 1
                    }
                ],
                "map_locations": [
                    {
                        "map": "inverted",
                        "x": 552,
                        "y": 512
                    },
                    {
                        "map": "both_vertical",
                        "x": 552,
                        "y": 512
                    }
                ]
            },
            {
                "name": "Heart Vessel (Air Pocket)",
                "access_rules": [
                    "gravityboots,holysymbol"
                ],
                "sections": [
                    {
                        "name": "Heart Vessel (Air Pocket)",
                        "item_count": 1
                    }
                ],
                "map_locations": [
                    {
                        "map": "inverted",
                        "x": 492,
                        "y": 292
                    },
                    {
                        "map": "both_vertical",
                        "x": 492,
                        "y": 292
                    }
                ]
            },
            {
                "name": "Heart Vessel (Succubus Side)",
                "sections": [
                    {
                        "name": "Heart Vessel (Succubus Side)",
                        "item_count": 1
                    }
                ],
                "map_locations": [
                    {
                        "map": "inverted",
                        "x": 392,
                        "y": 472
                    },
                    {
                        "map": "both_vertical",
                        "x": 392,
                        "y": 472
                    }
                ]
            },
            {
                "name": "Succubus Side",
                "sections": [
                    {
                        "name": "Meal Ticket",
                        "item_count": 5
                    }
                ],
                "map_locations": [
                    {
                        "map": "inverted",
                        "x": 372,
                        "y": 402
                    },
                    {
                        "map": "both_vertical",
                        "x": 372,
                        "y": 402
                    }
                ]
            },
            {
                "name": "Zircon (Doppleganger)",
                "sections": [
                    {
                        "name": "Zircon (Doppleganger)",
                        "item_count": 1
                    }
                ],
                "map_locations": [
                    {
                        "map": "inverted",
                        "x": 392,
                        "y": 272
                    },
                    {
                        "map": "both_vertical",
                        "x": 392,
                        "y": 272
                    }
                ]
            },
            {
                "name": "Pot Roast",
                "sections": [
                    {
                        "name": "Pot Roast",
                        "item_count": 1
                    }
                ],
                "map_locations": [
                    {
                        "map": "inverted",
                        "x": 352,
                        "y": 292
                    },
                    {
                        "map": "both_vertical",
                        "x": 352,
                        "y": 292
                    }
                ]
            },
            {
                "name": "Elixir",
                "sections": [
                    {
                        "name": "Elixir",
                        "item_count": 1
                    }
                ],
                "map_locations": [
                    {
                        "map": "inverted",
                        "x": 352,
                        "y": 232
                    },
                    {
                        "map": "both_vertical",
                        "x": 352,
                        "y": 232
                    }
                ]
            },
            {
                "name": "Manna Prism",
                "sections": [
                    {
                        "name": "Manna Prism",
                        "item_count": 1
                    }
                ],
                "map_locations": [
                    {
                        "map": "inverted",
                        "x": 412,
                        "y": 212
                    },
                    {
                        "map": "both_vertical",
                        "x": 412,
                        "y": 212
                    }
                ]
            },
            {
                "name": "Shiitake (Near Air Pocket)",
                "sections": [
                    {
                        "name": "Shiitake (Near Air Pocket)",
                        "item_count": 2
                    }
                ],
                "map_locations": [
                    {
                        "map": "inverted",
                        "x": 502,
                        "y": 312
                    },
                    {
                        "map": "both_vertical",
                        "x": 502,
                        "y": 312
                    }
                ]
            },
            {
                "name": "Bat Pentagram",
                "access_rules": [
                    "leapstone",
                    "soulofbat"
                ],
                "sections": [
                    {
                        "name": "Bat Pentagram",
                        "item_count": 1
                    }
                ],
                "map_locations": [
                    {
                        "map": "inverted",
                        "x": 752,
                        "y": 312
                    },
                    {
                        "map": "both_vertical",
                        "x": 752,
                        "y": 312
                    }
                ]
            },
            {
                "name": "Shiitake (Waterfall)",
                "sections": [
                    {
                        "name": "Shiitake (Waterfall)",
                        "item_count": 1
                    }
                ],
                "map_locations": [
                    {
                        "map": "inverted",
                        "x": 792,
                        "y": 252
                    },
                    {
                        "map": "both_vertical",
                        "x": 792,
                        "y": 252
                    }
                ]
            },
            {
                "name": "Toadstool",
                "sections": [
                    {
                        "name": "Toadstool",
                        "item_count": 1
                    }
                ],
                "map_locations": [
                    {
                        "map": "inverted",
                        "x": 792,
                        "y": 232
                    },
                    {
                        "map": "both_vertical",
                        "x": 792,
                        "y": 232
                    }
                ]
            },
            {
                "name": "Shiitake (Near Entrance Passage)",
                "sections": [
                    {
                        "name": "Shiitake (Near Entrance Passage)",
                        "item_count": 1
                    }
                ],
                "map_locations": [
                    {
                        "map": "inverted",
                        "x": 912,
                        "y": 232
                    },
                    {
                        "map": "both_vertical",
                        "x": 912,
                        "y": 232
                    }
                ]
            },
            {
                "name": "Doppleganger40",
                "sections": [
                    {
                        "name": "Doppleganger40 kill",
                        "hosted_item": "doppleganger40"
                    }
                ],
                "map_locations": [
                    {
                        "map": "inverted",
                        "x": 452,
                        "y": 272
                    },
                    {
                        "map": "both_vertical",
                        "x": 452,
                        "y": 272
                    }
                ]
            },
            {
                "name": "Force of Echo",
                "sections": [
                    {
                        "name": "Force of Echo",
                        "item_count": 1
                    }
                ],
                "map_locations": [
                    {
                        "map": "inverted",
                        "x": 152,
                        "y": 232
                    },
                    {
                        "map": "both_vertical",
                        "x": 152,
                        "y": 232
                    }
                ]
            },
            {
                "name": "Alucard Shield",
                "sections": [
                    {
                        "name": "Alucard Shield",
                        "item_count": 1
                    }
                ],
                "map_locations": [
                    {
                        "map": "inverted",
                        "x": 1092,
                        "y": 212
                    },
                    {
                        "map": "both_vertical",
                        "x": 1092,
                        "y": 212
                    }
                ]
            }
        ]
    }
]