[
    {
        "name": "Cave",
        "access_rules": [
            "$canAccessInvertedCastle"
        ],
        "children": [
            {
                "name": "Demon Button Room",
                "access_rules": [
                    "demoncard"
                ],
                "sections": [
                    {
                        "name": "Power of Sire",
                        "item_count": 1
                    },
                    {
                        "name": "Life Apple",
                        "item_count": 1
                    }
                ],
                "map_locations": [
                    {
                        "map": "inverted",
                        "x": 532,
                        "y": 232
                    },
                    {
                        "map": "both_vertical",
                        "x": 532,
                        "y": 232
                    }
                ]
            },
            {
                "name": "Green Tea",
                "access_rules": [
                    "demoncard"
                ],
                "sections": [
                    {
                        "name": "Green Tea",
                        "item_count": 1
                    }
                ],
                "map_locations": [
                    {
                        "map": "inverted",
                        "x": 512,
                        "y": 232
                    },
                    {
                        "map": "both_vertical",
                        "x": 512,
                        "y": 232
                    }
                ]
            },
            {
                "name": "Power of Sire",
                "sections": [
                    {
                        "name": "Power of Sire",
                        "item_count": 1
                    }
                ],
                "map_locations": [
                    {
                        "map": "inverted",
                        "x": 632,
                        "y": 92
                    },
                    {
                        "map": "both_vertical",
                        "x": 632,
                        "y": 92
                    }
                ]
            },
            {
                "name": "Shiitake",
                "sections": [
                    {
                        "name": "Shiitake",
                        "item_count": 2
                    }
                ],
                "map_locations": [
                    {
                        "map": "inverted",
                        "x": 612,
                        "y": 132
                    },
                    {
                        "map": "both_vertical",
                        "x": 612,
                        "y": 132
                    }
                ]
            },
            {
                "name": "Alucard Sword",
                "sections": [
                    {
                        "name": "Alucard Sword",
                        "item_count": 1
                    }
                ],
                "map_locations": [
                    {
                        "map": "inverted",
                        "x": 672,
                        "y": 172
                    },
                    {
                        "map": "both_vertical",
                        "x": 672,
                        "y": 172
                    }
                ]
            },
            {
                "name": "Death",
                "sections": [
                    {
                        "name": "Death kill",
                        "hosted_item": "death"
                    },
                    {
                        "name": "Eye of Vlad",
                        "item_count": 1
                    }
                ],
                "map_locations": [
                    {
                        "map": "inverted",
                        "x": 642,
                        "y": 252
                    },
                    {
                        "map": "both_vertical",
                        "x": 642,
                        "y": 252
                    }
                ]
            }
        ]
    }
]