[
    {
        "name": "Reverse Clock Tower",
        "access_rules": [
            "$canAccessInvertedCastle"
        ],
        "children": [
            {
                "name": "Above Bridge",
                "sections": [
                    {
                        "name": "Magic Missile",
                        "item_count": 1
                    },
                    {
                        "name": "Karma Coin",
                        "item_count": 1
                    }
                ],
                "map_locations": [
                    {
                        "map": "inverted",
                        "x": 152,
                        "y": 772
                    },
                    {
                        "map": "both_vertical",
                        "x": 152,
                        "y": 772
                    }
                ]
            },
            {
                "name": "Pillars",
                "sections": [
                    {
                        "name": "Str. Potion",
                        "item_count": 1
                    },
                    {
                        "name": "Luminus",
                        "item_count": 1
                    },
                    {
                        "name": "Smart Potion",
                        "item_count": 1
                    }
                ],
                "map_locations": [
                    {
                        "map": "inverted",
                        "x": 172,
                        "y": 792
                    },
                    {
                        "map": "both_vertical",
                        "x": 172,
                        "y": 792
                    }
                ]
            },
            {
                "name": "Dragon Helm",
                "sections": [
                    {
                        "name": "Dragon Helm",
                        "item_count": 1
                    }
                ],
                "map_locations": [
                    {
                        "map": "inverted",
                        "x": 72,
                        "y": 832
                    },
                    {
                        "map": "both_vertical",
                        "x": 72,
                        "y": 832
                    }
                ]
            },
            {
                "name": "Hidden Room",
                "sections": [
                    {
                        "name": "Diamond",
                        "item_count": 1
                    },
                    {
                        "name": "Life Apple",
                        "item_count": 1
                    },
                    {
                        "name": "Sunstone",
                        "item_count": 1
                    }
                ],
                "map_locations": [
                    {
                        "map": "inverted",
                        "x": 272,
                        "y": 772
                    },
                    {
                        "map": "both_vertical",
                        "x": 272,
                        "y": 772
                    }
                ]
            },
            {
                "name": "Moon Rod",
                "sections": [
                    {
                        "name": "Moon Rod",
                        "item_count": 1
                    }
                ],
                "map_locations": [
                    {
                        "map": "inverted",
                        "x": 412,
                        "y": 832
                    },
                    {
                        "map": "both_vertical",
                        "x": 412,
                        "y": 832
                    }
                ]
            },
            {
                "name": "Heart Vessel",
                "sections": [
                    {
                        "name": "Heart Vessel",
                        "item_count": 1
                    }
                ],
                "map_locations": [
                    {
                        "map": "inverted",
                        "x": 252,
                        "y": 872
                    },
                    {
                        "map": "both_vertical",
                        "x": 252,
                        "y": 872
                    }
                ]
            },
            {
                "name": "Life Vessel",
                "sections": [
                    {
                        "name": "Life Vessel",
                        "item_count": 1
                    }
                ],
                "map_locations": [
                    {
                        "map": "inverted",
                        "x": 212,
                        "y": 872
                    },
                    {
                        "map": "both_vertical",
                        "x": 212,
                        "y": 872
                    }
                ]
            },
            {
                "name": "Turkey",
                "sections": [
                    {
                        "name": "Turkey",
                        "item_count": 1
                    }
                ],
                "map_locations": [
                    {
                        "map": "inverted",
                        "x": 292,
                        "y": 832
                    },
                    {
                        "map": "both_vertical",
                        "x": 292,
                        "y": 832
                    }
                ]
            },
            {
                "name": "Keep Approach",
                "sections": [
                    {
                        "name": "Bwaka Knife",
                        "item_count": 1
                    },
                    {
                        "name": "Shuriken",
                        "item_count": 1
                    },
                    {
                        "name": "TNT",
                        "item_count": 1
                    }
                ],
                "map_locations": [
                    {
                        "map": "inverted",
                        "x": 412,
                        "y": 852
                    },
                    {
                        "map": "both_vertical",
                        "x": 412,
                        "y": 852
                    }
                ]
            },
            {
                "name": "Darkwing Bat",
                "sections": [
                    {
                        "name": "Darkwing Bat kill",
                        "hosted_item": "darkwingbat"
                    },
                    {
                        "name": "Ring of Vlad",
                        "item_count": 1
                    }
                ],
                "map_locations": [
                    {
                        "map": "inverted",
                        "x": 452,
                        "y": 852
                    },
                    {
                        "map": "both_vertical",
                        "x": 452,
                        "y": 852
                    }
                ]
            }
        ]
    }
]