[
    {
        "name": "Floating Catacombs",
        "access_rules": [
            "$canAccessInvertedCastle"
        ],
        "children": [
            {
                "name": "Catacombs Entrance",
                "sections": [
                    {
                        "name": "Magic Missile",
                        "item_count": 1
                    },
                    {
                        "name": "Buffalo Star",
                        "item_count": 1
                    }
                ],
                "map_locations": [
                    {
                        "map": "inverted",
                        "x": 692,
                        "y": 52
                    },
                    {
                        "map": "both_vertical",
                        "x": 692,
                        "y": 52
                    }
                ]
            },
            {
                "name": "Necklace of J",
                "sections": [
                    {
                        "name": "Necklace of J",
                        "item_count": 1
                    }
                ],
                "map_locations": [
                    {
                        "map": "inverted",
                        "x": 772,
                        "y": 52
                    },
                    {
                        "map": "both_vertical",
                        "x": 772,
                        "y": 52
                    }
                ]
            },
            {
                "name": "Diamond",
                "sections": [
                    {
                        "name": "Diamond",
                        "item_count": 1
                    }
                ],
                "map_locations": [
                    {
                        "map": "inverted",
                        "x": 792,
                        "y": 52
                    },
                    {
                        "map": "both_vertical",
                        "x": 792,
                        "y": 52
                    }
                ]
            },
            {
                "name": "After Galamoth",
                "sections": [
                    {
                        "name": "Heart Vessel",
                        "item_count": 1
                    },
                    {
                        "name": "Life Vessel",
                        "item_count": 1
                    }
                ],
                "map_locations": [
                    {
                        "map": "inverted",
                        "x": 912,
                        "y": 32
                    },
                    {
                        "map": "both_vertical",
                        "x": 912,
                        "y": 32
                    }
                ]
            },
            {
                "name": "Gas Cloud Room",
                "sections": [
                    {
                        "name": "Ruby Circlet",
                        "item_count": 1
                    },
                    {
                        "name": "Gas Cloud",
                        "item_count": 1
                    }
                ],
                "map_locations": [
                    {
                        "map": "inverted",
                        "x": 912,
                        "y": 52
                    },
                    {
                        "map": "both_vertical",
                        "x": 912,
                        "y": 52
                    }
                ]
            },
            {
                "name": "Lava Bridge",
                "sections": [
                    {
                        "name": "Shield Potion",
                        "item_count": 1
                    },
                    {
                        "name": "Attack Potion",
                        "item_count": 1
                    }
                ],
                "map_locations": [
                    {
                        "map": "inverted",
                        "x": 732,
                        "y": 52
                    },
                    {
                        "map": "both_vertical",
                        "x": 732,
                        "y": 52
                    }
                ]
            },
            {
                "name": "Crypt",
                "sections": [
                    {
                        "name": "Life Vessel",
                        "item_count": 1
                    },
                    {
                        "name": "Heart Vessel)",
                        "item_count": 1
                    }
                ],
                "map_locations": [
                    {
                        "map": "inverted",
                        "x": 612,
                        "y": 32
                    },
                    {
                        "map": "both_vertical",
                        "x": 612,
                        "y": 32
                    }
                ]
            },
            {
                "name": "Beyond Spike Maze",
                "access_rules": [
                    "soulofbat",
                    "formofmist,powerofmist",
                    "spikebreaker,leapstone",
                    "spikebreaker,gravityboots"
                ],
                "children": [
                    {
                        "name": "Spike Hallway",
                        "sections": [
                            {
                                "name": "Resist Thunder",
                                "item_count": 1
                            },
                            {
                                "name": "Resist Fire",
                                "item_count": 1
                            },
                            {
                                "name": "Karma Coin",
                                "item_count": 2
                            }
                        ],
                        "map_locations": [
                            {
                                "map": "inverted",
                                "x": 292,
                                "y": 52
                            },
                            {
                                "map": "both_vertical",
                                "x": 292,
                                "y": 52
                            }
                        ]
                    },
                    {
                        "name": "Red Bean Bun",
                        "sections": [
                            {
                                "name": "Red Bean Bun",
                                "item_count": 1
                            }
                        ],
                        "map_locations": [
                            {
                                "map": "inverted",
                                "x": 292,
                                "y": 32
                            },
                            {
                                "map": "both_vertical",
                                "x": 292,
                                "y": 32
                            }
                        ]
                    },
                    {
                        "name": "Spike Breaker Room",
                        "sections": [
                            {
                                "name": "Elixir",
                                "item_count": 1
                            },
                            {
                                "name": "Library Card",
                                "item_count": 1
                            }
                        ],
                        "map_locations": [
                            {
                                "map": "inverted",
                                "x": 432,
                                "y": 32
                            },
                            {
                                "map": "both_vertical",
                                "x": 432,
                                "y": 32
                            }
                        ]
                    }
                ]
            },
            {
                "name": "Galamoth",
                "sections": [
                    {
                        "name": "Galamoth kill",
                        "hosted_item": "galamoth"
                    }
                ],
                "map_locations": [
                    {
                        "map": "inverted",
                        "x": 882,
                        "y": 42
                    },
                    {
                        "map": "both_vertical",
                        "x": 882,
                        "y": 42
                    }
                ]
            }
        ]
    }
]