[
    {
        "name": "Forbidden Library",
        "access_rules": [
            "$canAccessInvertedCastle"
        ],
        "children": [
            {
                "name": "Neutron Bomb",
                "sections": [
                    {
                        "name": "Neutron Bomb",
                        "item_count": 1
                    }
                ],
                "map_locations": [
                    {
                        "map": "inverted",
                        "x": 272,
                        "y": 692
                    },
                    {
                        "map": "both_vertical",
                        "x": 272,
                        "y": 692
                    }
                ]
            },
            {
                "name": "Badelaire",
                "sections": [
                    {
                        "name": "Badelaire",
                        "item_count": 1
                    }
                ],
                "map_locations": [
                    {
                        "map": "inverted",
                        "x": 252,
                        "y": 692
                    },
                    {
                        "map": "both_vertical",
                        "x": 252,
                        "y": 692
                    }
                ]
            },
            {
                "name": "Side Room",
                "sections": [
                    {
                        "name": "Resist Fire",
                        "item_count": 1
                    },
                    {
                        "name": "Resist Ice",
                        "item_count": 1
                    },
                    {
                        "name": "Resist Stone",
                        "item_count": 1
                    }
                ],
                "map_locations": [
                    {
                        "map": "inverted",
                        "x": 212,
                        "y": 692
                    },
                    {
                        "map": "both_vertical",
                        "x": 212,
                        "y": 692
                    }
                ]
            },
            {
                "name": "Staurolite",
                "access_rules": [
                    "formofmist"
                ],
                "sections": [
                    {
                        "name": "Staurolite",
                        "item_count": 1
                    }
                ],
                "map_locations": [
                    {
                        "map": "inverted",
                        "x": 292,
                        "y": 632
                    },
                    {
                        "map": "both_vertical",
                        "x": 292,
                        "y": 632
                    }
                ]
            },
            {
                "name": "Reverse Librarian",
                "sections": [
                    {
                        "name": "Turquoise",
                        "item_count": 1
                    },
                    {
                        "name": "Opal",
                        "item_count": 1
                    },
                    {
                        "name": "Library Card",
                        "item_count": 1
                    }
                ],
                "map_locations": [
                    {
                        "map": "inverted",
                        "x": 272,
                        "y": 652
                    },
                    {
                        "map": "both_vertical",
                        "x": 272,
                        "y": 652
                    }
                ]
            }
        ]
    }
]